,features,score,cols
1,1.0,-0.06,['weekday_friday']
2,2.0,-0.06,"['weekday_thursday', 'weekday_friday']"
3,3.0,-0.06,"['weekday_thursday', 'weekday_friday', 'weekday_saturday']"
4,4.0,-0.06,"['weekday_tuesday', 'weekday_thursday', 'weekday_friday', 'weekday_saturday']"
5,5.0,-0.06,"['weekday_tuesday', 'weekday_wednesday', 'weekday_thursday', 'weekday_friday', 'weekday_saturday']"
6,6.0,-0.06,"['weekday_monday', 'weekday_tuesday', 'weekday_wednesday', 'weekday_thursday', 'weekday_friday', 'weekday_saturday']"
7,7.0,-0.06,"['weekday_sunday', 'weekday_monday', 'weekday_tuesday', 'weekday_wednesday', 'weekday_thursday', 'weekday_friday', 'weekday_saturday']"
8,8.0,-0.0,"['hour_17', 'weekday_sunday', 'weekday_monday', 'weekday_tuesday', 'weekday_wednesday', 'weekday_thursday', 'weekday_friday', 'weekday_saturday']"
9,9.0,0.05,"['hour_17', 'hour_18', 'weekday_sunday', 'weekday_monday', 'weekday_tuesday', 'weekday_wednesday', 'weekday_thursday', 'weekday_friday', 'weekday_saturday']"
10,10.0,0.09,"['hour_8', 'hour_17', 'hour_18', 'weekday_sunday', 'weekday_monday', 'weekday_tuesday', 'weekday_wednesday', 'weekday_thursday', 'weekday_friday', 'weekday_saturday']"
11,11.0,0.13,"['hour_8', 'hour_16', 'hour_17', 'hour_18', 'weekday_sunday', 'weekday_monday', 'weekday_tuesday', 'weekday_wednesday', 'weekday_thursday', 'weekday_friday', 'weekday_saturday']"
12,12.0,0.17,"['hour_8', 'hour_16', 'hour_17', 'hour_18', 'hour_19', 'weekday_sunday', 'weekday_monday', 'weekday_tuesday', 'weekday_wednesday', 'weekday_thursday', 'weekday_friday', 'weekday_saturday']"
13,13.0,0.2,"['hour_8', 'hour_12', 'hour_16', 'hour_17', 'hour_18', 'hour_19', 'weekday_sunday', 'weekday_monday', 'weekday_tuesday', 'weekday_wednesday', 'weekday_thursday', 'weekday_friday', 'weekday_saturday']"
14,14.0,0.23,"['hour_8', 'hour_12', 'hour_13', 'hour_16', 'hour_17', 'hour_18', 'hour_19', 'weekday_sunday', 'weekday_monday', 'weekday_tuesday', 'weekday_wednesday', 'weekday_thursday', 'weekday_friday', 'weekday_saturday']"
15,15.0,0.27,"['hour_8', 'hour_12', 'hour_13', 'hour_15', 'hour_16', 'hour_17', 'hour_18', 'hour_19', 'weekday_sunday', 'weekday_monday', 'weekday_tuesday', 'weekday_wednesday', 'weekday_thursday', 'weekday_friday', 'weekday_saturday']"
16,16.0,0.31,"['hour_8', 'hour_12', 'hour_13', 'hour_14', 'hour_15', 'hour_16', 'hour_17', 'hour_18', 'hour_19', 'weekday_sunday', 'weekday_monday', 'weekday_tuesday', 'weekday_wednesday', 'weekday_thursday', 'weekday_friday', 'weekday_saturday']"
17,17.0,0.35,"['hour_8', 'hour_9', 'hour_12', 'hour_13', 'hour_14', 'hour_15', 'hour_16', 'hour_17', 'hour_18', 'hour_19', 'weekday_sunday', 'weekday_monday', 'weekday_tuesday', 'weekday_wednesday', 'weekday_thursday', 'weekday_friday', 'weekday_saturday']"
18,18.0,0.38,"['hour_8', 'hour_9', 'hour_12', 'hour_13', 'hour_14', 'hour_15', 'hour_16', 'hour_17', 'hour_18', 'hour_19', 'hour_20', 'weekday_sunday', 'weekday_monday', 'weekday_tuesday', 'weekday_wednesday', 'weekday_thursday', 'weekday_friday', 'weekday_saturday']"
19,19.0,0.42,"['hour_8', 'hour_9', 'hour_11', 'hour_12', 'hour_13', 'hour_14', 'hour_15', 'hour_16', 'hour_17', 'hour_18', 'hour_19', 'hour_20', 'weekday_sunday', 'weekday_monday', 'weekday_tuesday', 'weekday_wednesday', 'weekday_thursday', 'weekday_friday', 'weekday_saturday']"
20,20.0,0.46,"['hour_7', 'hour_8', 'hour_9', 'hour_11', 'hour_12', 'hour_13', 'hour_14', 'hour_15', 'hour_16', 'hour_17', 'hour_18', 'hour_19', 'hour_20', 'weekday_sunday', 'weekday_monday', 'weekday_tuesday', 'weekday_wednesday', 'weekday_thursday', 'weekday_friday', 'weekday_saturday']"
21,21.0,0.49,"['hour_7', 'hour_8', 'hour_9', 'hour_11', 'hour_12', 'hour_13', 'hour_14', 'hour_15', 'hour_16', 'hour_17', 'hour_18', 'hour_19', 'hour_20', 'hour_21', 'weekday_sunday', 'weekday_monday', 'weekday_tuesday', 'weekday_wednesday', 'weekday_thursday', 'weekday_friday', 'weekday_saturday']"
22,22.0,0.53,"['hour_7', 'hour_8', 'hour_9', 'hour_10', 'hour_11', 'hour_12', 'hour_13', 'hour_14', 'hour_15', 'hour_16', 'hour_17', 'hour_18', 'hour_19', 'hour_20', 'hour_21', 'weekday_sunday', 'weekday_monday', 'weekday_tuesday', 'weekday_wednesday', 'weekday_thursday', 'weekday_friday', 'weekday_saturday']"
23,23.0,0.56,"['hour_7', 'hour_8', 'hour_9', 'hour_10', 'hour_11', 'hour_12', 'hour_13', 'hour_14', 'hour_15', 'hour_16', 'hour_17', 'hour_18', 'hour_19', 'hour_20', 'hour_21', 'hour_22', 'weekday_sunday', 'weekday_monday', 'weekday_tuesday', 'weekday_wednesday', 'weekday_thursday', 'weekday_friday', 'weekday_saturday']"
24,24.0,0.57,"['hour_7', 'hour_8', 'hour_9', 'hour_10', 'hour_11', 'hour_12', 'hour_13', 'hour_14', 'hour_15', 'hour_16', 'hour_17', 'hour_18', 'hour_19', 'hour_20', 'hour_21', 'hour_22', 'hour_23', 'weekday_sunday', 'weekday_monday', 'weekday_tuesday', 'weekday_wednesday', 'weekday_thursday', 'weekday_friday', 'weekday_saturday']"
25,25.0,0.58,"['hour_6', 'hour_7', 'hour_8', 'hour_9', 'hour_10', 'hour_11', 'hour_12', 'hour_13', 'hour_14', 'hour_15', 'hour_16', 'hour_17', 'hour_18', 'hour_19', 'hour_20', 'hour_21', 'hour_22', 'hour_23', 'weekday_sunday', 'weekday_monday', 'weekday_tuesday', 'weekday_wednesday', 'weekday_thursday', 'weekday_friday', 'weekday_saturday']"
26,26.0,0.58,"['hour_0', 'hour_6', 'hour_7', 'hour_8', 'hour_9', 'hour_10', 'hour_11', 'hour_12', 'hour_13', 'hour_14', 'hour_15', 'hour_16', 'hour_17', 'hour_18', 'hour_19', 'hour_20', 'hour_21', 'hour_22', 'hour_23', 'weekday_sunday', 'weekday_monday', 'weekday_tuesday', 'weekday_wednesday', 'weekday_thursday', 'weekday_friday', 'weekday_saturday']"
27,27.0,0.59,"['hour_0', 'hour_1', 'hour_6', 'hour_7', 'hour_8', 'hour_9', 'hour_10', 'hour_11', 'hour_12', 'hour_13', 'hour_14', 'hour_15', 'hour_16', 'hour_17', 'hour_18', 'hour_19', 'hour_20', 'hour_21', 'hour_22', 'hour_23', 'weekday_sunday', 'weekday_monday', 'weekday_tuesday', 'weekday_wednesday', 'weekday_thursday', 'weekday_friday', 'weekday_saturday']"
28,28.0,0.59,"['hour_0', 'hour_1', 'hour_2', 'hour_6', 'hour_7', 'hour_8', 'hour_9', 'hour_10', 'hour_11', 'hour_12', 'hour_13', 'hour_14', 'hour_15', 'hour_16', 'hour_17', 'hour_18', 'hour_19', 'hour_20', 'hour_21', 'hour_22', 'hour_23', 'weekday_sunday', 'weekday_monday', 'weekday_tuesday', 'weekday_wednesday', 'weekday_thursday', 'weekday_friday', 'weekday_saturday']"
29,29.0,0.59,"['hour_0', 'hour_1', 'hour_2', 'hour_5', 'hour_6', 'hour_7', 'hour_8', 'hour_9', 'hour_10', 'hour_11', 'hour_12', 'hour_13', 'hour_14', 'hour_15', 'hour_16', 'hour_17', 'hour_18', 'hour_19', 'hour_20', 'hour_21', 'hour_22', 'hour_23', 'weekday_sunday', 'weekday_monday', 'weekday_tuesday', 'weekday_wednesday', 'weekday_thursday', 'weekday_friday', 'weekday_saturday']"
30,30.0,0.59,"['hour_0', 'hour_1', 'hour_2', 'hour_3', 'hour_5', 'hour_6', 'hour_7', 'hour_8', 'hour_9', 'hour_10', 'hour_11', 'hour_12', 'hour_13', 'hour_14', 'hour_15', 'hour_16', 'hour_17', 'hour_18', 'hour_19', 'hour_20', 'hour_21', 'hour_22', 'hour_23', 'weekday_sunday', 'weekday_monday', 'weekday_tuesday', 'weekday_wednesday', 'weekday_thursday', 'weekday_friday', 'weekday_saturday']"
31,31.0,0.59,"['hour_0', 'hour_1', 'hour_2', 'hour_3', 'hour_4', 'hour_5', 'hour_6', 'hour_7', 'hour_8', 'hour_9', 'hour_10', 'hour_11', 'hour_12', 'hour_13', 'hour_14', 'hour_15', 'hour_16', 'hour_17', 'hour_18', 'hour_19', 'hour_20', 'hour_21', 'hour_22', 'hour_23', 'weekday_sunday', 'weekday_monday', 'weekday_tuesday', 'weekday_wednesday', 'weekday_thursday', 'weekday_friday', 'weekday_saturday']"
32,32.0,0.57,"['hour_0', 'hour_1', 'hour_2', 'hour_3', 'hour_4', 'hour_5', 'hour_6', 'hour_7', 'hour_8', 'hour_9', 'hour_10', 'hour_11', 'hour_12', 'hour_13', 'hour_14', 'hour_15', 'hour_16', 'hour_17', 'hour_18', 'hour_19', 'hour_20', 'hour_21', 'hour_22', 'hour_23', 'month_jun', 'weekday_sunday', 'weekday_monday', 'weekday_tuesday', 'weekday_wednesday', 'weekday_thursday', 'weekday_friday', 'weekday_saturday']"
33,33.0,0.54,"['hour_0', 'hour_1', 'hour_2', 'hour_3', 'hour_4', 'hour_5', 'hour_6', 'hour_7', 'hour_8', 'hour_9', 'hour_10', 'hour_11', 'hour_12', 'hour_13', 'hour_14', 'hour_15', 'hour_16', 'hour_17', 'hour_18', 'hour_19', 'hour_20', 'hour_21', 'hour_22', 'hour_23', 'month_jun', 'month_aug', 'weekday_sunday', 'weekday_monday', 'weekday_tuesday', 'weekday_wednesday', 'weekday_thursday', 'weekday_friday', 'weekday_saturday']"
34,34.0,0.5,"['hour_0', 'hour_1', 'hour_2', 'hour_3', 'hour_4', 'hour_5', 'hour_6', 'hour_7', 'hour_8', 'hour_9', 'hour_10', 'hour_11', 'hour_12', 'hour_13', 'hour_14', 'hour_15', 'hour_16', 'hour_17', 'hour_18', 'hour_19', 'hour_20', 'hour_21', 'hour_22', 'hour_23', 'month_jun', 'month_jul', 'month_aug', 'weekday_sunday', 'weekday_monday', 'weekday_tuesday', 'weekday_wednesday', 'weekday_thursday', 'weekday_friday', 'weekday_saturday']"
35,35.0,0.54,"['hour_0', 'hour_1', 'hour_2', 'hour_3', 'hour_4', 'hour_5', 'hour_6', 'hour_7', 'hour_8', 'hour_9', 'hour_10', 'hour_11', 'hour_12', 'hour_13', 'hour_14', 'hour_15', 'hour_16', 'hour_17', 'hour_18', 'hour_19', 'hour_20', 'hour_21', 'hour_22', 'hour_23', 'month_jun', 'month_jul', 'month_aug', 'month_sep', 'weekday_sunday', 'weekday_monday', 'weekday_tuesday', 'weekday_wednesday', 'weekday_thursday', 'weekday_friday', 'weekday_saturday']"
36,36.0,0.5,"['hour_0', 'hour_1', 'hour_2', 'hour_3', 'hour_4', 'hour_5', 'hour_6', 'hour_7', 'hour_8', 'hour_9', 'hour_10', 'hour_11', 'hour_12', 'hour_13', 'hour_14', 'hour_15', 'hour_16', 'hour_17', 'hour_18', 'hour_19', 'hour_20', 'hour_21', 'hour_22', 'hour_23', 'month_may', 'month_jun', 'month_jul', 'month_aug', 'month_sep', 'weekday_sunday', 'weekday_monday', 'weekday_tuesday', 'weekday_wednesday', 'weekday_thursday', 'weekday_friday', 'weekday_saturday']"
37,37.0,0.55,"['hour_0', 'hour_1', 'hour_2', 'hour_3', 'hour_4', 'hour_5', 'hour_6', 'hour_7', 'hour_8', 'hour_9', 'hour_10', 'hour_11', 'hour_12', 'hour_13', 'hour_14', 'hour_15', 'hour_16', 'hour_17', 'hour_18', 'hour_19', 'hour_20', 'hour_21', 'hour_22', 'hour_23', 'month_may', 'month_jun', 'month_jul', 'month_aug', 'month_sep', 'month_oct', 'weekday_sunday', 'weekday_monday', 'weekday_tuesday', 'weekday_wednesday', 'weekday_thursday', 'weekday_friday', 'weekday_saturday']"
38,38.0,0.53,"['hour_0', 'hour_1', 'hour_2', 'hour_3', 'hour_4', 'hour_5', 'hour_6', 'hour_7', 'hour_8', 'hour_9', 'hour_10', 'hour_11', 'hour_12', 'hour_13', 'hour_14', 'hour_15', 'hour_16', 'hour_17', 'hour_18', 'hour_19', 'hour_20', 'hour_21', 'hour_22', 'hour_23', 'month_apr', 'month_may', 'month_jun', 'month_jul', 'month_aug', 'month_sep', 'month_oct', 'weekday_sunday', 'weekday_monday', 'weekday_tuesday', 'weekday_wednesday', 'weekday_thursday', 'weekday_friday', 'weekday_saturday']"
39,39.0,0.56,"['hour_0', 'hour_1', 'hour_2', 'hour_3', 'hour_4', 'hour_5', 'hour_6', 'hour_7', 'hour_8', 'hour_9', 'hour_10', 'hour_11', 'hour_12', 'hour_13', 'hour_14', 'hour_15', 'hour_16', 'hour_17', 'hour_18', 'hour_19', 'hour_20', 'hour_21', 'hour_22', 'hour_23', 'month_apr', 'month_may', 'month_jun', 'month_jul', 'month_aug', 'month_sep', 'month_oct', 'month_nov', 'weekday_sunday', 'weekday_monday', 'weekday_tuesday', 'weekday_wednesday', 'weekday_thursday', 'weekday_friday', 'weekday_saturday']"
40,40.0,0.55,"['hour_0', 'hour_1', 'hour_2', 'hour_3', 'hour_4', 'hour_5', 'hour_6', 'hour_7', 'hour_8', 'hour_9', 'hour_10', 'hour_11', 'hour_12', 'hour_13', 'hour_14', 'hour_15', 'hour_16', 'hour_17', 'hour_18', 'hour_19', 'hour_20', 'hour_21', 'hour_22', 'hour_23', 'month_mar', 'month_apr', 'month_may', 'month_jun', 'month_jul', 'month_aug', 'month_sep', 'month_oct', 'month_nov', 'weekday_sunday', 'weekday_monday', 'weekday_tuesday', 'weekday_wednesday', 'weekday_thursday', 'weekday_friday', 'weekday_saturday']"
41,41.0,0.56,"['hour_0', 'hour_1', 'hour_2', 'hour_3', 'hour_4', 'hour_5', 'hour_6', 'hour_7', 'hour_8', 'hour_9', 'hour_10', 'hour_11', 'hour_12', 'hour_13', 'hour_14', 'hour_15', 'hour_16', 'hour_17', 'hour_18', 'hour_19', 'hour_20', 'hour_21', 'hour_22', 'hour_23', 'month_mar', 'month_apr', 'month_may', 'month_jun', 'month_jul', 'month_aug', 'month_sep', 'month_oct', 'month_nov', 'month_dec', 'weekday_sunday', 'weekday_monday', 'weekday_tuesday', 'weekday_wednesday', 'weekday_thursday', 'weekday_friday', 'weekday_saturday']"
42,42.0,0.56,"['hour_0', 'hour_1', 'hour_2', 'hour_3', 'hour_4', 'hour_5', 'hour_6', 'hour_7', 'hour_8', 'hour_9', 'hour_10', 'hour_11', 'hour_12', 'hour_13', 'hour_14', 'hour_15', 'hour_16', 'hour_17', 'hour_18', 'hour_19', 'hour_20', 'hour_21', 'hour_22', 'hour_23', 'month_feb', 'month_mar', 'month_apr', 'month_may', 'month_jun', 'month_jul', 'month_aug', 'month_sep', 'month_oct', 'month_nov', 'month_dec', 'weekday_sunday', 'weekday_monday', 'weekday_tuesday', 'weekday_wednesday', 'weekday_thursday', 'weekday_friday', 'weekday_saturday']"
43,43.0,0.56,"['hour_0', 'hour_1', 'hour_2', 'hour_3', 'hour_4', 'hour_5', 'hour_6', 'hour_7', 'hour_8', 'hour_9', 'hour_10', 'hour_11', 'hour_12', 'hour_13', 'hour_14', 'hour_15', 'hour_16', 'hour_17', 'hour_18', 'hour_19', 'hour_20', 'hour_21', 'hour_22', 'hour_23', 'month_jan', 'month_feb', 'month_mar', 'month_apr', 'month_may', 'month_jun', 'month_jul', 'month_aug', 'month_sep', 'month_oct', 'month_nov', 'month_dec', 'weekday_sunday', 'weekday_monday', 'weekday_tuesday', 'weekday_wednesday', 'weekday_thursday', 'weekday_friday', 'weekday_saturday']"
44,44.0,0.83,"['hour_0', 'hour_1', 'hour_2', 'hour_3', 'hour_4', 'hour_5', 'hour_6', 'hour_7', 'hour_8', 'hour_9', 'hour_10', 'hour_11', 'hour_12', 'hour_13', 'hour_14', 'hour_15', 'hour_16', 'hour_17', 'hour_18', 'hour_19', 'hour_20', 'hour_21', 'hour_22', 'hour_23', 'month_jan', 'month_feb', 'month_mar', 'month_apr', 'month_may', 'month_jun', 'month_jul', 'month_aug', 'month_sep', 'month_oct', 'month_nov', 'month_dec', 'weekday_sunday', 'weekday_monday', 'weekday_tuesday', 'weekday_wednesday', 'weekday_thursday', 'weekday_friday', 'weekday_saturday', 'calculated_peak']"
45,45.0,0.85,"['year_2012', 'hour_0', 'hour_1', 'hour_2', 'hour_3', 'hour_4', 'hour_5', 'hour_6', 'hour_7', 'hour_8', 'hour_9', 'hour_10', 'hour_11', 'hour_12', 'hour_13', 'hour_14', 'hour_15', 'hour_16', 'hour_17', 'hour_18', 'hour_19', 'hour_20', 'hour_21', 'hour_22', 'hour_23', 'month_jan', 'month_feb', 'month_mar', 'month_apr', 'month_may', 'month_jun', 'month_jul', 'month_aug', 'month_sep', 'month_oct', 'month_nov', 'month_dec', 'weekday_sunday', 'weekday_monday', 'weekday_tuesday', 'weekday_wednesday', 'weekday_thursday', 'weekday_friday', 'weekday_saturday', 'calculated_peak']"
46,46.0,0.85,"['year_2011', 'year_2012', 'hour_0', 'hour_1', 'hour_2', 'hour_3', 'hour_4', 'hour_5', 'hour_6', 'hour_7', 'hour_8', 'hour_9', 'hour_10', 'hour_11', 'hour_12', 'hour_13', 'hour_14', 'hour_15', 'hour_16', 'hour_17', 'hour_18', 'hour_19', 'hour_20', 'hour_21', 'hour_22', 'hour_23', 'month_jan', 'month_feb', 'month_mar', 'month_apr', 'month_may', 'month_jun', 'month_jul', 'month_aug', 'month_sep', 'month_oct', 'month_nov', 'month_dec', 'weekday_sunday', 'weekday_monday', 'weekday_tuesday', 'weekday_wednesday', 'weekday_thursday', 'weekday_friday', 'weekday_saturday', 'calculated_peak']"
