,features,score,cols
1,1.0,0.03,['season_winter']
2,2.0,0.04,"['weather_condition_light_rain', 'season_winter']"
3,3.0,0.04,"['weather_condition_clear', 'weather_condition_light_rain', 'season_winter']"
4,4.0,0.04,"['weather_condition_clear', 'weather_condition_mist', 'weather_condition_light_rain', 'season_winter']"
5,5.0,-0.04,"['weather_condition_clear', 'weather_condition_mist', 'weather_condition_light_rain', 'season_winter', 'season_fall']"
6,6.0,-0.03,"['weather_condition_clear', 'weather_condition_mist', 'weather_condition_light_rain', 'season_winter', 'season_spring', 'season_fall']"
7,7.0,-0.03,"['weather_condition_clear', 'weather_condition_mist', 'weather_condition_light_rain', 'weather_condition_heavy_rain', 'season_winter', 'season_spring', 'season_fall']"
8,8.0,-0.03,"['weather_condition_clear', 'weather_condition_mist', 'weather_condition_light_rain', 'weather_condition_heavy_rain', 'season_winter', 'season_spring', 'season_summer', 'season_fall']"
9,9.0,-0.04,"['weather_condition_clear', 'weather_condition_mist', 'weather_condition_light_rain', 'weather_condition_heavy_rain', 'weekday_friday', 'season_winter', 'season_spring', 'season_summer', 'season_fall']"
10,10.0,-0.04,"['weather_condition_clear', 'weather_condition_mist', 'weather_condition_light_rain', 'weather_condition_heavy_rain', 'weekday_thursday', 'weekday_friday', 'season_winter', 'season_spring', 'season_summer', 'season_fall']"
11,11.0,-0.03,"['weather_condition_clear', 'weather_condition_mist', 'weather_condition_light_rain', 'weather_condition_heavy_rain', 'weekday_thursday', 'weekday_friday', 'weekday_saturday', 'season_winter', 'season_spring', 'season_summer', 'season_fall']"
12,12.0,-0.03,"['weather_condition_clear', 'weather_condition_mist', 'weather_condition_light_rain', 'weather_condition_heavy_rain', 'weekday_wednesday', 'weekday_thursday', 'weekday_friday', 'weekday_saturday', 'season_winter', 'season_spring', 'season_summer', 'season_fall']"
13,13.0,-0.03,"['weather_condition_clear', 'weather_condition_mist', 'weather_condition_light_rain', 'weather_condition_heavy_rain', 'weekday_tuesday', 'weekday_wednesday', 'weekday_thursday', 'weekday_friday', 'weekday_saturday', 'season_winter', 'season_spring', 'season_summer', 'season_fall']"
14,14.0,-0.03,"['weather_condition_clear', 'weather_condition_mist', 'weather_condition_light_rain', 'weather_condition_heavy_rain', 'weekday_monday', 'weekday_tuesday', 'weekday_wednesday', 'weekday_thursday', 'weekday_friday', 'weekday_saturday', 'season_winter', 'season_spring', 'season_summer', 'season_fall']"
15,15.0,-0.03,"['weather_condition_clear', 'weather_condition_mist', 'weather_condition_light_rain', 'weather_condition_heavy_rain', 'weekday_sunday', 'weekday_monday', 'weekday_tuesday', 'weekday_wednesday', 'weekday_thursday', 'weekday_friday', 'weekday_saturday', 'season_winter', 'season_spring', 'season_summer', 'season_fall']"
16,16.0,-0.03,"['weather_condition_clear', 'weather_condition_mist', 'weather_condition_light_rain', 'weather_condition_heavy_rain', 'month_jun', 'weekday_sunday', 'weekday_monday', 'weekday_tuesday', 'weekday_wednesday', 'weekday_thursday', 'weekday_friday', 'weekday_saturday', 'season_winter', 'season_spring', 'season_summer', 'season_fall']"
17,17.0,-0.04,"['weather_condition_clear', 'weather_condition_mist', 'weather_condition_light_rain', 'weather_condition_heavy_rain', 'month_jun', 'month_sep', 'weekday_sunday', 'weekday_monday', 'weekday_tuesday', 'weekday_wednesday', 'weekday_thursday', 'weekday_friday', 'weekday_saturday', 'season_winter', 'season_spring', 'season_summer', 'season_fall']"
18,18.0,-0.04,"['weather_condition_clear', 'weather_condition_mist', 'weather_condition_light_rain', 'weather_condition_heavy_rain', 'month_jun', 'month_aug', 'month_sep', 'weekday_sunday', 'weekday_monday', 'weekday_tuesday', 'weekday_wednesday', 'weekday_thursday', 'weekday_friday', 'weekday_saturday', 'season_winter', 'season_spring', 'season_summer', 'season_fall']"
19,19.0,-0.04,"['weather_condition_clear', 'weather_condition_mist', 'weather_condition_light_rain', 'weather_condition_heavy_rain', 'month_jun', 'month_jul', 'month_aug', 'month_sep', 'weekday_sunday', 'weekday_monday', 'weekday_tuesday', 'weekday_wednesday', 'weekday_thursday', 'weekday_friday', 'weekday_saturday', 'season_winter', 'season_spring', 'season_summer', 'season_fall']"
20,20.0,-0.04,"['weather_condition_clear', 'weather_condition_mist', 'weather_condition_light_rain', 'weather_condition_heavy_rain', 'month_may', 'month_jun', 'month_jul', 'month_aug', 'month_sep', 'weekday_sunday', 'weekday_monday', 'weekday_tuesday', 'weekday_wednesday', 'weekday_thursday', 'weekday_friday', 'weekday_saturday', 'season_winter', 'season_spring', 'season_summer', 'season_fall']"
21,21.0,-0.04,"['weather_condition_clear', 'weather_condition_mist', 'weather_condition_light_rain', 'weather_condition_heavy_rain', 'month_may', 'month_jun', 'month_jul', 'month_aug', 'month_sep', 'month_oct', 'weekday_sunday', 'weekday_monday', 'weekday_tuesday', 'weekday_wednesday', 'weekday_thursday', 'weekday_friday', 'weekday_saturday', 'season_winter', 'season_spring', 'season_summer', 'season_fall']"
22,22.0,-0.04,"['weather_condition_clear', 'weather_condition_mist', 'weather_condition_light_rain', 'weather_condition_heavy_rain', 'month_apr', 'month_may', 'month_jun', 'month_jul', 'month_aug', 'month_sep', 'month_oct', 'weekday_sunday', 'weekday_monday', 'weekday_tuesday', 'weekday_wednesday', 'weekday_thursday', 'weekday_friday', 'weekday_saturday', 'season_winter', 'season_spring', 'season_summer', 'season_fall']"
23,23.0,-0.05,"['weather_condition_clear', 'weather_condition_mist', 'weather_condition_light_rain', 'weather_condition_heavy_rain', 'month_mar', 'month_apr', 'month_may', 'month_jun', 'month_jul', 'month_aug', 'month_sep', 'month_oct', 'weekday_sunday', 'weekday_monday', 'weekday_tuesday', 'weekday_wednesday', 'weekday_thursday', 'weekday_friday', 'weekday_saturday', 'season_winter', 'season_spring', 'season_summer', 'season_fall']"
24,24.0,-0.04,"['weather_condition_clear', 'weather_condition_mist', 'weather_condition_light_rain', 'weather_condition_heavy_rain', 'month_feb', 'month_mar', 'month_apr', 'month_may', 'month_jun', 'month_jul', 'month_aug', 'month_sep', 'month_oct', 'weekday_sunday', 'weekday_monday', 'weekday_tuesday', 'weekday_wednesday', 'weekday_thursday', 'weekday_friday', 'weekday_saturday', 'season_winter', 'season_spring', 'season_summer', 'season_fall']"
25,25.0,-0.04,"['weather_condition_clear', 'weather_condition_mist', 'weather_condition_light_rain', 'weather_condition_heavy_rain', 'month_feb', 'month_mar', 'month_apr', 'month_may', 'month_jun', 'month_jul', 'month_aug', 'month_sep', 'month_oct', 'month_nov', 'weekday_sunday', 'weekday_monday', 'weekday_tuesday', 'weekday_wednesday', 'weekday_thursday', 'weekday_friday', 'weekday_saturday', 'season_winter', 'season_spring', 'season_summer', 'season_fall']"
26,26.0,-0.04,"['weather_condition_clear', 'weather_condition_mist', 'weather_condition_light_rain', 'weather_condition_heavy_rain', 'month_jan', 'month_feb', 'month_mar', 'month_apr', 'month_may', 'month_jun', 'month_jul', 'month_aug', 'month_sep', 'month_oct', 'month_nov', 'weekday_sunday', 'weekday_monday', 'weekday_tuesday', 'weekday_wednesday', 'weekday_thursday', 'weekday_friday', 'weekday_saturday', 'season_winter', 'season_spring', 'season_summer', 'season_fall']"
27,27.0,-0.04,"['weather_condition_clear', 'weather_condition_mist', 'weather_condition_light_rain', 'weather_condition_heavy_rain', 'month_jan', 'month_feb', 'month_mar', 'month_apr', 'month_may', 'month_jun', 'month_jul', 'month_aug', 'month_sep', 'month_oct', 'month_nov', 'month_dec', 'weekday_sunday', 'weekday_monday', 'weekday_tuesday', 'weekday_wednesday', 'weekday_thursday', 'weekday_friday', 'weekday_saturday', 'season_winter', 'season_spring', 'season_summer', 'season_fall']"
28,28.0,0.05,"['hour_4', 'weather_condition_clear', 'weather_condition_mist', 'weather_condition_light_rain', 'weather_condition_heavy_rain', 'month_jan', 'month_feb', 'month_mar', 'month_apr', 'month_may', 'month_jun', 'month_jul', 'month_aug', 'month_sep', 'month_oct', 'month_nov', 'month_dec', 'weekday_sunday', 'weekday_monday', 'weekday_tuesday', 'weekday_wednesday', 'weekday_thursday', 'weekday_friday', 'weekday_saturday', 'season_winter', 'season_spring', 'season_summer', 'season_fall']"
29,29.0,0.13,"['hour_3', 'hour_4', 'weather_condition_clear', 'weather_condition_mist', 'weather_condition_light_rain', 'weather_condition_heavy_rain', 'month_jan', 'month_feb', 'month_mar', 'month_apr', 'month_may', 'month_jun', 'month_jul', 'month_aug', 'month_sep', 'month_oct', 'month_nov', 'month_dec', 'weekday_sunday', 'weekday_monday', 'weekday_tuesday', 'weekday_wednesday', 'weekday_thursday', 'weekday_friday', 'weekday_saturday', 'season_winter', 'season_spring', 'season_summer', 'season_fall']"
30,30.0,0.21,"['hour_3', 'hour_4', 'hour_5', 'weather_condition_clear', 'weather_condition_mist', 'weather_condition_light_rain', 'weather_condition_heavy_rain', 'month_jan', 'month_feb', 'month_mar', 'month_apr', 'month_may', 'month_jun', 'month_jul', 'month_aug', 'month_sep', 'month_oct', 'month_nov', 'month_dec', 'weekday_sunday', 'weekday_monday', 'weekday_tuesday', 'weekday_wednesday', 'weekday_thursday', 'weekday_friday', 'weekday_saturday', 'season_winter', 'season_spring', 'season_summer', 'season_fall']"
31,31.0,0.3,"['hour_2', 'hour_3', 'hour_4', 'hour_5', 'weather_condition_clear', 'weather_condition_mist', 'weather_condition_light_rain', 'weather_condition_heavy_rain', 'month_jan', 'month_feb', 'month_mar', 'month_apr', 'month_may', 'month_jun', 'month_jul', 'month_aug', 'month_sep', 'month_oct', 'month_nov', 'month_dec', 'weekday_sunday', 'weekday_monday', 'weekday_tuesday', 'weekday_wednesday', 'weekday_thursday', 'weekday_friday', 'weekday_saturday', 'season_winter', 'season_spring', 'season_summer', 'season_fall']"
32,32.0,0.37,"['hour_1', 'hour_2', 'hour_3', 'hour_4', 'hour_5', 'weather_condition_clear', 'weather_condition_mist', 'weather_condition_light_rain', 'weather_condition_heavy_rain', 'month_jan', 'month_feb', 'month_mar', 'month_apr', 'month_may', 'month_jun', 'month_jul', 'month_aug', 'month_sep', 'month_oct', 'month_nov', 'month_dec', 'weekday_sunday', 'weekday_monday', 'weekday_tuesday', 'weekday_wednesday', 'weekday_thursday', 'weekday_friday', 'weekday_saturday', 'season_winter', 'season_spring', 'season_summer', 'season_fall']"
33,33.0,0.44,"['hour_0', 'hour_1', 'hour_2', 'hour_3', 'hour_4', 'hour_5', 'weather_condition_clear', 'weather_condition_mist', 'weather_condition_light_rain', 'weather_condition_heavy_rain', 'month_jan', 'month_feb', 'month_mar', 'month_apr', 'month_may', 'month_jun', 'month_jul', 'month_aug', 'month_sep', 'month_oct', 'month_nov', 'month_dec', 'weekday_sunday', 'weekday_monday', 'weekday_tuesday', 'weekday_wednesday', 'weekday_thursday', 'weekday_friday', 'weekday_saturday', 'season_winter', 'season_spring', 'season_summer', 'season_fall']"
34,34.0,0.5,"['hour_0', 'hour_1', 'hour_2', 'hour_3', 'hour_4', 'hour_5', 'hour_6', 'weather_condition_clear', 'weather_condition_mist', 'weather_condition_light_rain', 'weather_condition_heavy_rain', 'month_jan', 'month_feb', 'month_mar', 'month_apr', 'month_may', 'month_jun', 'month_jul', 'month_aug', 'month_sep', 'month_oct', 'month_nov', 'month_dec', 'weekday_sunday', 'weekday_monday', 'weekday_tuesday', 'weekday_wednesday', 'weekday_thursday', 'weekday_friday', 'weekday_saturday', 'season_winter', 'season_spring', 'season_summer', 'season_fall']"
35,35.0,0.53,"['hour_0', 'hour_1', 'hour_2', 'hour_3', 'hour_4', 'hour_5', 'hour_6', 'hour_23', 'weather_condition_clear', 'weather_condition_mist', 'weather_condition_light_rain', 'weather_condition_heavy_rain', 'month_jan', 'month_feb', 'month_mar', 'month_apr', 'month_may', 'month_jun', 'month_jul', 'month_aug', 'month_sep', 'month_oct', 'month_nov', 'month_dec', 'weekday_sunday', 'weekday_monday', 'weekday_tuesday', 'weekday_wednesday', 'weekday_thursday', 'weekday_friday', 'weekday_saturday', 'season_winter', 'season_spring', 'season_summer', 'season_fall']"
36,36.0,0.56,"['hour_0', 'hour_1', 'hour_2', 'hour_3', 'hour_4', 'hour_5', 'hour_6', 'hour_22', 'hour_23', 'weather_condition_clear', 'weather_condition_mist', 'weather_condition_light_rain', 'weather_condition_heavy_rain', 'month_jan', 'month_feb', 'month_mar', 'month_apr', 'month_may', 'month_jun', 'month_jul', 'month_aug', 'month_sep', 'month_oct', 'month_nov', 'month_dec', 'weekday_sunday', 'weekday_monday', 'weekday_tuesday', 'weekday_wednesday', 'weekday_thursday', 'weekday_friday', 'weekday_saturday', 'season_winter', 'season_spring', 'season_summer', 'season_fall']"
37,37.0,0.56,"['hour_0', 'hour_1', 'hour_2', 'hour_3', 'hour_4', 'hour_5', 'hour_6', 'hour_10', 'hour_22', 'hour_23', 'weather_condition_clear', 'weather_condition_mist', 'weather_condition_light_rain', 'weather_condition_heavy_rain', 'month_jan', 'month_feb', 'month_mar', 'month_apr', 'month_may', 'month_jun', 'month_jul', 'month_aug', 'month_sep', 'month_oct', 'month_nov', 'month_dec', 'weekday_sunday', 'weekday_monday', 'weekday_tuesday', 'weekday_wednesday', 'weekday_thursday', 'weekday_friday', 'weekday_saturday', 'season_winter', 'season_spring', 'season_summer', 'season_fall']"
38,38.0,0.58,"['hour_0', 'hour_1', 'hour_2', 'hour_3', 'hour_4', 'hour_5', 'hour_6', 'hour_10', 'hour_21', 'hour_22', 'hour_23', 'weather_condition_clear', 'weather_condition_mist', 'weather_condition_light_rain', 'weather_condition_heavy_rain', 'month_jan', 'month_feb', 'month_mar', 'month_apr', 'month_may', 'month_jun', 'month_jul', 'month_aug', 'month_sep', 'month_oct', 'month_nov', 'month_dec', 'weekday_sunday', 'weekday_monday', 'weekday_tuesday', 'weekday_wednesday', 'weekday_thursday', 'weekday_friday', 'weekday_saturday', 'season_winter', 'season_spring', 'season_summer', 'season_fall']"
39,39.0,0.59,"['hour_0', 'hour_1', 'hour_2', 'hour_3', 'hour_4', 'hour_5', 'hour_6', 'hour_7', 'hour_10', 'hour_21', 'hour_22', 'hour_23', 'weather_condition_clear', 'weather_condition_mist', 'weather_condition_light_rain', 'weather_condition_heavy_rain', 'month_jan', 'month_feb', 'month_mar', 'month_apr', 'month_may', 'month_jun', 'month_jul', 'month_aug', 'month_sep', 'month_oct', 'month_nov', 'month_dec', 'weekday_sunday', 'weekday_monday', 'weekday_tuesday', 'weekday_wednesday', 'weekday_thursday', 'weekday_friday', 'weekday_saturday', 'season_winter', 'season_spring', 'season_summer', 'season_fall']"
40,40.0,0.6,"['hour_0', 'hour_1', 'hour_2', 'hour_3', 'hour_4', 'hour_5', 'hour_6', 'hour_7', 'hour_10', 'hour_11', 'hour_21', 'hour_22', 'hour_23', 'weather_condition_clear', 'weather_condition_mist', 'weather_condition_light_rain', 'weather_condition_heavy_rain', 'month_jan', 'month_feb', 'month_mar', 'month_apr', 'month_may', 'month_jun', 'month_jul', 'month_aug', 'month_sep', 'month_oct', 'month_nov', 'month_dec', 'weekday_sunday', 'weekday_monday', 'weekday_tuesday', 'weekday_wednesday', 'weekday_thursday', 'weekday_friday', 'weekday_saturday', 'season_winter', 'season_spring', 'season_summer', 'season_fall']"
41,41.0,0.6,"['hour_0', 'hour_1', 'hour_2', 'hour_3', 'hour_4', 'hour_5', 'hour_6', 'hour_7', 'hour_10', 'hour_11', 'hour_20', 'hour_21', 'hour_22', 'hour_23', 'weather_condition_clear', 'weather_condition_mist', 'weather_condition_light_rain', 'weather_condition_heavy_rain', 'month_jan', 'month_feb', 'month_mar', 'month_apr', 'month_may', 'month_jun', 'month_jul', 'month_aug', 'month_sep', 'month_oct', 'month_nov', 'month_dec', 'weekday_sunday', 'weekday_monday', 'weekday_tuesday', 'weekday_wednesday', 'weekday_thursday', 'weekday_friday', 'weekday_saturday', 'season_winter', 'season_spring', 'season_summer', 'season_fall']"
42,42.0,0.61,"['hour_0', 'hour_1', 'hour_2', 'hour_3', 'hour_4', 'hour_5', 'hour_6', 'hour_7', 'hour_9', 'hour_10', 'hour_11', 'hour_20', 'hour_21', 'hour_22', 'hour_23', 'weather_condition_clear', 'weather_condition_mist', 'weather_condition_light_rain', 'weather_condition_heavy_rain', 'month_jan', 'month_feb', 'month_mar', 'month_apr', 'month_may', 'month_jun', 'month_jul', 'month_aug', 'month_sep', 'month_oct', 'month_nov', 'month_dec', 'weekday_sunday', 'weekday_monday', 'weekday_tuesday', 'weekday_wednesday', 'weekday_thursday', 'weekday_friday', 'weekday_saturday', 'season_winter', 'season_spring', 'season_summer', 'season_fall']"
43,43.0,0.62,"['hour_0', 'hour_1', 'hour_2', 'hour_3', 'hour_4', 'hour_5', 'hour_6', 'hour_7', 'hour_9', 'hour_10', 'hour_11', 'hour_14', 'hour_20', 'hour_21', 'hour_22', 'hour_23', 'weather_condition_clear', 'weather_condition_mist', 'weather_condition_light_rain', 'weather_condition_heavy_rain', 'month_jan', 'month_feb', 'month_mar', 'month_apr', 'month_may', 'month_jun', 'month_jul', 'month_aug', 'month_sep', 'month_oct', 'month_nov', 'month_dec', 'weekday_sunday', 'weekday_monday', 'weekday_tuesday', 'weekday_wednesday', 'weekday_thursday', 'weekday_friday', 'weekday_saturday', 'season_winter', 'season_spring', 'season_summer', 'season_fall']"
44,44.0,0.61,"['hour_0', 'hour_1', 'hour_2', 'hour_3', 'hour_4', 'hour_5', 'hour_6', 'hour_7', 'hour_9', 'hour_10', 'hour_11', 'hour_14', 'hour_15', 'hour_20', 'hour_21', 'hour_22', 'hour_23', 'weather_condition_clear', 'weather_condition_mist', 'weather_condition_light_rain', 'weather_condition_heavy_rain', 'month_jan', 'month_feb', 'month_mar', 'month_apr', 'month_may', 'month_jun', 'month_jul', 'month_aug', 'month_sep', 'month_oct', 'month_nov', 'month_dec', 'weekday_sunday', 'weekday_monday', 'weekday_tuesday', 'weekday_wednesday', 'weekday_thursday', 'weekday_friday', 'weekday_saturday', 'season_winter', 'season_spring', 'season_summer', 'season_fall']"
45,45.0,0.61,"['hour_0', 'hour_1', 'hour_2', 'hour_3', 'hour_4', 'hour_5', 'hour_6', 'hour_7', 'hour_9', 'hour_10', 'hour_11', 'hour_12', 'hour_14', 'hour_15', 'hour_20', 'hour_21', 'hour_22', 'hour_23', 'weather_condition_clear', 'weather_condition_mist', 'weather_condition_light_rain', 'weather_condition_heavy_rain', 'month_jan', 'month_feb', 'month_mar', 'month_apr', 'month_may', 'month_jun', 'month_jul', 'month_aug', 'month_sep', 'month_oct', 'month_nov', 'month_dec', 'weekday_sunday', 'weekday_monday', 'weekday_tuesday', 'weekday_wednesday', 'weekday_thursday', 'weekday_friday', 'weekday_saturday', 'season_winter', 'season_spring', 'season_summer', 'season_fall']"
46,46.0,0.61,"['hour_0', 'hour_1', 'hour_2', 'hour_3', 'hour_4', 'hour_5', 'hour_6', 'hour_7', 'hour_9', 'hour_10', 'hour_11', 'hour_12', 'hour_13', 'hour_14', 'hour_15', 'hour_20', 'hour_21', 'hour_22', 'hour_23', 'weather_condition_clear', 'weather_condition_mist', 'weather_condition_light_rain', 'weather_condition_heavy_rain', 'month_jan', 'month_feb', 'month_mar', 'month_apr', 'month_may', 'month_jun', 'month_jul', 'month_aug', 'month_sep', 'month_oct', 'month_nov', 'month_dec', 'weekday_sunday', 'weekday_monday', 'weekday_tuesday', 'weekday_wednesday', 'weekday_thursday', 'weekday_friday', 'weekday_saturday', 'season_winter', 'season_spring', 'season_summer', 'season_fall']"
47,47.0,0.62,"['hour_0', 'hour_1', 'hour_2', 'hour_3', 'hour_4', 'hour_5', 'hour_6', 'hour_7', 'hour_9', 'hour_10', 'hour_11', 'hour_12', 'hour_13', 'hour_14', 'hour_15', 'hour_19', 'hour_20', 'hour_21', 'hour_22', 'hour_23', 'weather_condition_clear', 'weather_condition_mist', 'weather_condition_light_rain', 'weather_condition_heavy_rain', 'month_jan', 'month_feb', 'month_mar', 'month_apr', 'month_may', 'month_jun', 'month_jul', 'month_aug', 'month_sep', 'month_oct', 'month_nov', 'month_dec', 'weekday_sunday', 'weekday_monday', 'weekday_tuesday', 'weekday_wednesday', 'weekday_thursday', 'weekday_friday', 'weekday_saturday', 'season_winter', 'season_spring', 'season_summer', 'season_fall']"
48,48.0,0.61,"['hour_0', 'hour_1', 'hour_2', 'hour_3', 'hour_4', 'hour_5', 'hour_6', 'hour_7', 'hour_9', 'hour_10', 'hour_11', 'hour_12', 'hour_13', 'hour_14', 'hour_15', 'hour_16', 'hour_19', 'hour_20', 'hour_21', 'hour_22', 'hour_23', 'weather_condition_clear', 'weather_condition_mist', 'weather_condition_light_rain', 'weather_condition_heavy_rain', 'month_jan', 'month_feb', 'month_mar', 'month_apr', 'month_may', 'month_jun', 'month_jul', 'month_aug', 'month_sep', 'month_oct', 'month_nov', 'month_dec', 'weekday_sunday', 'weekday_monday', 'weekday_tuesday', 'weekday_wednesday', 'weekday_thursday', 'weekday_friday', 'weekday_saturday', 'season_winter', 'season_spring', 'season_summer', 'season_fall']"
49,49.0,0.62,"['hour_0', 'hour_1', 'hour_2', 'hour_3', 'hour_4', 'hour_5', 'hour_6', 'hour_7', 'hour_8', 'hour_9', 'hour_10', 'hour_11', 'hour_12', 'hour_13', 'hour_14', 'hour_15', 'hour_16', 'hour_19', 'hour_20', 'hour_21', 'hour_22', 'hour_23', 'weather_condition_clear', 'weather_condition_mist', 'weather_condition_light_rain', 'weather_condition_heavy_rain', 'month_jan', 'month_feb', 'month_mar', 'month_apr', 'month_may', 'month_jun', 'month_jul', 'month_aug', 'month_sep', 'month_oct', 'month_nov', 'month_dec', 'weekday_sunday', 'weekday_monday', 'weekday_tuesday', 'weekday_wednesday', 'weekday_thursday', 'weekday_friday', 'weekday_saturday', 'season_winter', 'season_spring', 'season_summer', 'season_fall']"
50,50.0,0.63,"['hour_0', 'hour_1', 'hour_2', 'hour_3', 'hour_4', 'hour_5', 'hour_6', 'hour_7', 'hour_8', 'hour_9', 'hour_10', 'hour_11', 'hour_12', 'hour_13', 'hour_14', 'hour_15', 'hour_16', 'hour_18', 'hour_19', 'hour_20', 'hour_21', 'hour_22', 'hour_23', 'weather_condition_clear', 'weather_condition_mist', 'weather_condition_light_rain', 'weather_condition_heavy_rain', 'month_jan', 'month_feb', 'month_mar', 'month_apr', 'month_may', 'month_jun', 'month_jul', 'month_aug', 'month_sep', 'month_oct', 'month_nov', 'month_dec', 'weekday_sunday', 'weekday_monday', 'weekday_tuesday', 'weekday_wednesday', 'weekday_thursday', 'weekday_friday', 'weekday_saturday', 'season_winter', 'season_spring', 'season_summer', 'season_fall']"
51,51.0,0.62,"['hour_0', 'hour_1', 'hour_2', 'hour_3', 'hour_4', 'hour_5', 'hour_6', 'hour_7', 'hour_8', 'hour_9', 'hour_10', 'hour_11', 'hour_12', 'hour_13', 'hour_14', 'hour_15', 'hour_16', 'hour_17', 'hour_18', 'hour_19', 'hour_20', 'hour_21', 'hour_22', 'hour_23', 'weather_condition_clear', 'weather_condition_mist', 'weather_condition_light_rain', 'weather_condition_heavy_rain', 'month_jan', 'month_feb', 'month_mar', 'month_apr', 'month_may', 'month_jun', 'month_jul', 'month_aug', 'month_sep', 'month_oct', 'month_nov', 'month_dec', 'weekday_sunday', 'weekday_monday', 'weekday_tuesday', 'weekday_wednesday', 'weekday_thursday', 'weekday_friday', 'weekday_saturday', 'season_winter', 'season_spring', 'season_summer', 'season_fall']"
52,52.0,0.73,"['year_2011', 'hour_0', 'hour_1', 'hour_2', 'hour_3', 'hour_4', 'hour_5', 'hour_6', 'hour_7', 'hour_8', 'hour_9', 'hour_10', 'hour_11', 'hour_12', 'hour_13', 'hour_14', 'hour_15', 'hour_16', 'hour_17', 'hour_18', 'hour_19', 'hour_20', 'hour_21', 'hour_22', 'hour_23', 'weather_condition_clear', 'weather_condition_mist', 'weather_condition_light_rain', 'weather_condition_heavy_rain', 'month_jan', 'month_feb', 'month_mar', 'month_apr', 'month_may', 'month_jun', 'month_jul', 'month_aug', 'month_sep', 'month_oct', 'month_nov', 'month_dec', 'weekday_sunday', 'weekday_monday', 'weekday_tuesday', 'weekday_wednesday', 'weekday_thursday', 'weekday_friday', 'weekday_saturday', 'season_winter', 'season_spring', 'season_summer', 'season_fall']"
53,53.0,0.73,"['year_2011', 'year_2012', 'hour_0', 'hour_1', 'hour_2', 'hour_3', 'hour_4', 'hour_5', 'hour_6', 'hour_7', 'hour_8', 'hour_9', 'hour_10', 'hour_11', 'hour_12', 'hour_13', 'hour_14', 'hour_15', 'hour_16', 'hour_17', 'hour_18', 'hour_19', 'hour_20', 'hour_21', 'hour_22', 'hour_23', 'weather_condition_clear', 'weather_condition_mist', 'weather_condition_light_rain', 'weather_condition_heavy_rain', 'month_jan', 'month_feb', 'month_mar', 'month_apr', 'month_may', 'month_jun', 'month_jul', 'month_aug', 'month_sep', 'month_oct', 'month_nov', 'month_dec', 'weekday_sunday', 'weekday_monday', 'weekday_tuesday', 'weekday_wednesday', 'weekday_thursday', 'weekday_friday', 'weekday_saturday', 'season_winter', 'season_spring', 'season_summer', 'season_fall']"
54,54.0,0.86,"['year_2011', 'year_2012', 'hour_0', 'hour_1', 'hour_2', 'hour_3', 'hour_4', 'hour_5', 'hour_6', 'hour_7', 'hour_8', 'hour_9', 'hour_10', 'hour_11', 'hour_12', 'hour_13', 'hour_14', 'hour_15', 'hour_16', 'hour_17', 'hour_18', 'hour_19', 'hour_20', 'hour_21', 'hour_22', 'hour_23', 'weather_condition_clear', 'weather_condition_mist', 'weather_condition_light_rain', 'weather_condition_heavy_rain', 'month_jan', 'month_feb', 'month_mar', 'month_apr', 'month_may', 'month_jun', 'month_jul', 'month_aug', 'month_sep', 'month_oct', 'month_nov', 'month_dec', 'weekday_sunday', 'weekday_monday', 'weekday_tuesday', 'weekday_wednesday', 'weekday_thursday', 'weekday_friday', 'weekday_saturday', 'season_winter', 'season_spring', 'season_summer', 'season_fall', 'calculated_peak']"
55,55.0,0.87,"['actual_temp', 'year_2011', 'year_2012', 'hour_0', 'hour_1', 'hour_2', 'hour_3', 'hour_4', 'hour_5', 'hour_6', 'hour_7', 'hour_8', 'hour_9', 'hour_10', 'hour_11', 'hour_12', 'hour_13', 'hour_14', 'hour_15', 'hour_16', 'hour_17', 'hour_18', 'hour_19', 'hour_20', 'hour_21', 'hour_22', 'hour_23', 'weather_condition_clear', 'weather_condition_mist', 'weather_condition_light_rain', 'weather_condition_heavy_rain', 'month_jan', 'month_feb', 'month_mar', 'month_apr', 'month_may', 'month_jun', 'month_jul', 'month_aug', 'month_sep', 'month_oct', 'month_nov', 'month_dec', 'weekday_sunday', 'weekday_monday', 'weekday_tuesday', 'weekday_wednesday', 'weekday_thursday', 'weekday_friday', 'weekday_saturday', 'season_winter', 'season_spring', 'season_summer', 'season_fall', 'calculated_peak']"
56,56.0,0.87,"['actual_temp', 'humidity', 'year_2011', 'year_2012', 'hour_0', 'hour_1', 'hour_2', 'hour_3', 'hour_4', 'hour_5', 'hour_6', 'hour_7', 'hour_8', 'hour_9', 'hour_10', 'hour_11', 'hour_12', 'hour_13', 'hour_14', 'hour_15', 'hour_16', 'hour_17', 'hour_18', 'hour_19', 'hour_20', 'hour_21', 'hour_22', 'hour_23', 'weather_condition_clear', 'weather_condition_mist', 'weather_condition_light_rain', 'weather_condition_heavy_rain', 'month_jan', 'month_feb', 'month_mar', 'month_apr', 'month_may', 'month_jun', 'month_jul', 'month_aug', 'month_sep', 'month_oct', 'month_nov', 'month_dec', 'weekday_sunday', 'weekday_monday', 'weekday_tuesday', 'weekday_wednesday', 'weekday_thursday', 'weekday_friday', 'weekday_saturday', 'season_winter', 'season_spring', 'season_summer', 'season_fall', 'calculated_peak']"
57,57.0,0.87,"['actual_temp', 'humidity', 'workingday_yes', 'year_2011', 'year_2012', 'hour_0', 'hour_1', 'hour_2', 'hour_3', 'hour_4', 'hour_5', 'hour_6', 'hour_7', 'hour_8', 'hour_9', 'hour_10', 'hour_11', 'hour_12', 'hour_13', 'hour_14', 'hour_15', 'hour_16', 'hour_17', 'hour_18', 'hour_19', 'hour_20', 'hour_21', 'hour_22', 'hour_23', 'weather_condition_clear', 'weather_condition_mist', 'weather_condition_light_rain', 'weather_condition_heavy_rain', 'month_jan', 'month_feb', 'month_mar', 'month_apr', 'month_may', 'month_jun', 'month_jul', 'month_aug', 'month_sep', 'month_oct', 'month_nov', 'month_dec', 'weekday_sunday', 'weekday_monday', 'weekday_tuesday', 'weekday_wednesday', 'weekday_thursday', 'weekday_friday', 'weekday_saturday', 'season_winter', 'season_spring', 'season_summer', 'season_fall', 'calculated_peak']"
58,58.0,0.87,"['actual_temp', 'humidity', 'windspeed', 'workingday_yes', 'year_2011', 'year_2012', 'hour_0', 'hour_1', 'hour_2', 'hour_3', 'hour_4', 'hour_5', 'hour_6', 'hour_7', 'hour_8', 'hour_9', 'hour_10', 'hour_11', 'hour_12', 'hour_13', 'hour_14', 'hour_15', 'hour_16', 'hour_17', 'hour_18', 'hour_19', 'hour_20', 'hour_21', 'hour_22', 'hour_23', 'weather_condition_clear', 'weather_condition_mist', 'weather_condition_light_rain', 'weather_condition_heavy_rain', 'month_jan', 'month_feb', 'month_mar', 'month_apr', 'month_may', 'month_jun', 'month_jul', 'month_aug', 'month_sep', 'month_oct', 'month_nov', 'month_dec', 'weekday_sunday', 'weekday_monday', 'weekday_tuesday', 'weekday_wednesday', 'weekday_thursday', 'weekday_friday', 'weekday_saturday', 'season_winter', 'season_spring', 'season_summer', 'season_fall', 'calculated_peak']"
